Name,DoDID,Agency,Organization,OrgAbbreviation,Branch,Type,Location,Country,AOR,RefreshDate,State,Latitude,Longitude,ServiceSkill,FTN
Maryam England,123456789,FDA,Beef,FDA,Beef,Civilian,Texas,USA,AMER,7-Jan-24,Texas,29.7604,95.3698,11,123456789
Josie Coffey,123456790,EPA,Trees,EPA,Trees,Military,California,USA,AMER,7-Jan-24,California,32.7157,117.1611,11,123456790
Dale Mcknight,123456791,DOE,Weather,DOE,Weather,Contractor,Florida,USA,EUR,7-Jan-24,Florida,27.9517,82.4588,11,123456791
Ciara Bass,123456792,FDA,Beef,FDA,Beef,Civilian,Texas,USA,EUR,7-Jan-24,Texas,29.7604,95.3698,11,123456792
Markus Walsh,123456793,EPA,Trees,EPA,Trees,Military,California,USA,ASIA,7-Jan-24,California,32.7157,117.1611,8995,123456793
Adriana Faulkner,123456794,DOE,Weather,DOE,Weather,Contractor,Florida,USA,ASIA,7-Jan-24,Florida,29.7604,95.3698,8995,123456794
Edgar Ball,123456795,FDA,Beef,FDA,Beef,Civilian,Texas,USA,AMER,7-Jan-24,Texas,32.7157,117.1611,8852,123456795
Raheem Odling,123456796,EPA,Trees,EPA,Trees,Military,California,USA,AMER,7-Jan-24,California,27.9517,82.4588,75312,123456796
Nabil Collins,123456797,DOE,Weather,DOE,Weather,Contractor,Florida,USA,EUR,7-Jan-24,Florida,29.7604,95.3698,M789,123456797
Luqman Hamilton,123456798,FDA,Beef,FDA,Beef,Civilian,Texas,USA,EUR,7-Jan-24,Texas,32.7157,117.1611,G456,123456798
